{
  "display": {
    "icon": {
      "id": "minecraft:debug_stick"
    },
    "title": "BannerPlace",
    "description": "Hidden Advancement",
    "show_toast": false,
    "announce_to_chat": false,
    "hidden": true
  },
  "parent": "bannerflags:root",
  "criteria": {
    "requirement": {
      "trigger": "minecraft:placed_block",
      "conditions": {
        "player": [
          {
            "condition": "minecraft:entity_properties",
            "entity": "this",
            "predicate": {
              "flags": {
                "is_sneaking": true
              }
            }
          }
        ],
        "location": [
          {
            "condition": "minecraft:location_check",
            "predicate": {
              "block": {
                "blocks": "#bannerflags:wall_banners"
              }
            }
          }
        ]
      }
    }
  },
  "rewards": {
    "function": "bannerflags:start_ray_delay"
  }
}
