{
    "display": {
      "icon": {
        "id": "minecraft:flower_banner_pattern"
      },
      "title": "Banner Flags",
      "description": {
        "text": "§eLets you place banners sideways - like flags!"
      },
      "show_toast": true,
      "frame": "challenge",
      "announce_to_chat": false,
      "hidden": false
    },
    "parent": "gurkis:root",
    "criteria": {
      "requirement": {
        "trigger": "minecraft:tick"
      }
    },
    "sends_telemetry_event": false
  }
  