{
  "display": {
    "icon": {
      "id": "minecraft:blue_banner",
      "components": {
        "minecraft:banner_patterns": [
          {
            "pattern": "minecraft:stripe_right",
            "color": "red"
          },
          {
            "pattern": "minecraft:stripe_center",
            "color": "white"
          }
        ]
      }
    },
    "title": "Netherlands?",
    "description": "§ePlace a flag in §6the Nether",
    "show_toast": true,
    "frame": "goal",
    "announce_to_chat": true,
    "hidden": false
  },
  "parent": "gurkis:theflagisup",
  "criteria": {
    "requirement": {
      "trigger": "minecraft:impossible"
    }
  },
  "sends_telemetry_event": false
}
