{
  "description": "Gravity",
  "supported_items": "#minecraft:swords",
  "primary_items": "#minecraft:swords",
  "weight": 2,
  "max_level": 2,
  "min_cost": {
    "base": 10,
    "per_level_above_first": 20
  },
  "max_cost": {
    "base": 60,
    "per_level_above_first": 20
  },
  "anvil_cost": 4,
  "slots": [
    "mainhand"
  ],
  "effects": {
    "minecraft:post_attack": [
      {
        "effect": {
          "type": "minecraft:apply_mob_effect",
          "to_apply": "minecraft:levitation",
          "min_duration": {
            "type": "minecraft:linear",
            "base": 0.25,
            "per_level_above_first": 0.25
          },
          "max_duration": {
            "type": "minecraft:linear",
            "base": 0.25,
            "per_level_above_first": 0.25
          },
          "min_amplifier": 0,
          "max_amplifier": 0
        },
        "enchanted": "attacker",
        "affected": "victim"
      }
    ]
  }
}