{
	"display": {
		"icon": {
			"id": "minecraft:wooden_hoe"
		},
		"title": {"translate":"Time to Farm!"},
		"description": {"color":"green","translate":"Use planks and sticks to make a hoe"},
		"announce_to_chat": true
	},
	"parent": "blazeandcave:bacap/time_to_dig",
	"rewards": {
		"function": "bacap_rewards:bacap/time_to_farm"
	},		
	"criteria": {
		"hoe": {
			"trigger": "minecraft:inventory_changed",
			"conditions": {
				"items": [
					{
						"items": "#blazeandcave:hoes"
					}
				]
			}
		}
	}
}