{
	"display": {
		"icon": {
			"id": "minecraft:wooden_shovel"
		},
		"title": {"translate":"Time to Dig!"},
		"description": {"color":"green","translate":"Use planks and sticks to make a shovel"},
		"announce_to_chat": true
	},
	"parent": "blazeandcave:bacap/time_to_chop",
	"rewards": {
		"function": "bacap_rewards:bacap/time_to_dig"
	},		
	"criteria": {
		"shovel": {
			"trigger": "minecraft:inventory_changed",
			"conditions": {
				"items": [
					{
						"items": "#blazeandcave:shovels"
					}
				]
			}
		}
	}
}