{
  "type": "minecraft:crafting_shaped",
  "pattern": ["PPP", "S S"],
  "key": {
    "P": "minecraft:cherry_planks",
    "S": "minecraft:stick"
  },
  "result": {
    "id": "minecraft:player_head",
    "components": {
      "minecraft:custom_model_data": {
        "strings": ["pk_racks:cherry_rack"]
      },
      "minecraft:lore": [{ "color": "dark_gray", "italic": false, "text": "Cherry Rack" }],
      "minecraft:item_name": {
        "color": "yellow",
        "italic": false,
        "text": "Cherry Rack"
      },
      "!minecraft:equippable": {},
      "minecraft:custom_data": {
        "pk_data": {
          "custom_block": 1,
          "id": "rack",
          "from": "racks",
          "variant": "cherry",
          "version": 30104
        }
      },
      "minecraft:profile": {
        "properties": [
          {
            "name": "textures",
            "value": "eyJ0ZXh0dXJlcyI6eyJTS0lOIjp7InVybCI6Imh0dHA6Ly90ZXh0dXJlcy5taW5lY3JhZnQubmV0L3RleHR1cmUvNzBlOTZlNjYwYmExYzg0YzhkMzIzMmYwMGI0Nzk3Mzk0ZjYyNWU3NGE3ZGNmNTE1MDdhOTZkMWMwYWY0YmMxNCJ9fX0="
          }
        ]
      }
    }
  }
}
