{
  "type": "minecraft:crafting_shaped",
  "pattern": ["PPP", "S S"],
  "key": {
    "P": "minecraft:jungle_planks",
    "S": "minecraft:stick"
  },
  "result": {
    "id": "minecraft:player_head",
    "components": {
      "minecraft:custom_model_data": {
        "strings": ["pk_racks:jungle_rack"]
      },
      "minecraft:lore": [{ "color": "dark_gray", "italic": false, "text": "Jungle Rack" }],
      "minecraft:item_name": {
        "color": "yellow",
        "italic": false,
        "text": "Jungle Rack"
      },
      "!minecraft:equippable": {},
      "minecraft:custom_data": {
        "pk_data": {
          "custom_block": 1,
          "id": "rack",
          "from": "racks",
          "variant": "jungle",
          "version": 30104
        }
      },
      "minecraft:profile": {
        "properties": [
          {
            "name": "textures",
            "value": "eyJ0ZXh0dXJlcyI6eyJTS0lOIjp7InVybCI6Imh0dHA6Ly90ZXh0dXJlcy5taW5lY3JhZnQubmV0L3RleHR1cmUvMjI1ZGNkNjY3MDgwYWU5NWI4YjFlMTg5YjgwZWVlMWUwMzBiNGE0NmEyNzczYzExNTFjYThkYTMxNzc2M2MwNyJ9fX0="
          }
        ]
      }
    }
  }
}
