{
  "type": "minecraft:crafting_shaped",
  "pattern": ["PPP", "S S"],
  "key": {
    "P": "minecraft:pale_oak_planks",
    "S": "minecraft:stick"
  },
  "result": {
    "id": "minecraft:player_head",
    "components": {
      "minecraft:custom_model_data": {
        "strings": ["pk_racks:pale_oak_rack"]
      },
      "minecraft:lore": [{ "color": "dark_gray", "italic": false, "text": "Pale Oak Rack" }],
      "minecraft:item_name": {
        "color": "yellow",
        "italic": false,
        "text": "Pale Oak Rack"
      },
      "!minecraft:equippable": {},
      "minecraft:custom_data": {
        "pk_data": {
          "custom_block": 1,
          "id": "rack",
          "from": "racks",
          "variant": "pale_oak",
          "version": 30104
        }
      },
      "minecraft:profile": {
        "properties": [
          {
            "name": "textures",
            "value": "eyJ0ZXh0dXJlcyI6eyJTS0lOIjp7InVybCI6Imh0dHBzOi8vdGV4dHVyZXMubWluZWNyYWZ0Lm5ldC90ZXh0dXJlL2Q4OTRlYzQ1YjkzNDQ0N2IwYTQzZWZhODdlYzU1NWYxZTM2Y2MzNmU0MzY0NjQ5OTE3MzFlNTEzMjJiNzcwYmUifX19"
          }
        ]
      }
    }
  }
}
