{
	"display": {
		"icon": {
			"id": "minecraft:player_head",
			"components": {"profile":{"id":[652293181,-950186350,-1857676489,-1403293903],"properties":[{"name":"textures","value":"eyJ0ZXh0dXJlcyI6eyJTS0lOIjp7InVybCI6Imh0dHA6Ly90ZXh0dXJlcy5taW5lY3JhZnQubmV0L3RleHR1cmUvZWExNWQwNWQwYTg2ODk2OGM2NjhiNWQ4NmM0MDgzMDUzZWJlOWZkZWE5Y2U0YWExMzE1MDM1ZDNiYTg4NDNkIn19fQ=="}]}}
		},
		"title": {"translate":"Dragon vs Wither: The Pre-Sequel"},
		"description": {"color":"#FF2A2A","translate":"Defeat the Wither while wearing a Dragon head... without touching the ground"},
		"announce_to_chat": true,
		"frame": "challenge"
	},
	"parent": "blazeandcave:challenges/dragon_vs_dragon_ii_electric_boogaloo",
	"rewards": {
		"function": "bacap_rewards:challenges/dragon_vs_wither_the_pre_sequel"
	},		
	"criteria": {
		"ten_withers": {
			"trigger": "minecraft:impossible"
		}
	}
}