{
	"anvil_cost": 4,
	"description": "Reach",
	"primary_items": "#reach_enchantment:enchantable/reach",
	"supported_items": "#reach_enchantment:enchantable/reach",
	"effects": {
		"minecraft:attributes": [
			{
				"amount": {
					"type": "minecraft:linear",
					"base": 0.25,
					"per_level_above_first": 0.25
				},
				"attribute": "minecraft:entity_interaction_range",
				"id": "reach_enchantment.enchantment.attribute.entity_interaction_range",
				"operation": "add_value"
			},
			{
				"amount": {
					"type": "minecraft:linear",
					"base": 0.5,
					"per_level_above_first": 0.5
				},
				"attribute": "minecraft:block_interaction_range",
				"id": "reach_enchantment.enchantment.attribute.block_interaction_range",
				"operation": "add_value"
			}
		]
	},
	"max_cost": {
		"base": 40,
		"per_level_above_first": 11
	},
	"max_level": 3,
	"min_cost": {
		"base": 10,
		"per_level_above_first": 11
	},
	"slots": ["mainhand"],
	"weight": 4
}
