{
    "criteria": {
        "requirement": {
            "trigger": "tick",
            "conditions": {
                "player": [
                    {
                        "condition": "entity_scores",
                        "entity": "this",
                        "scores": {
                            "soulbound_enchantment.player.death": {
                                "min": 1
                            }
                        }
                    }
                ]
            }
        }
    },
    "rewards": {
        "function": "soulbound_enchantment:player/death"
    }
}