{
	"display": {
		"icon": {
			"id": "minecraft:chest"
		},
		"title": {"translate":"Stationary Storage"},
		"description": {"color":"green","translate":"Craft and place down a chest for storing your items"},
		"announce_to_chat": true
	},
	"parent": "blazeandcave:building/your_door_was_locked",
	"rewards": {
		"function": "bacap_rewards:building/stationary_storage"
	},		
	"criteria": {
		"chest": {
			"trigger": "minecraft:placed_block",
			"conditions": {
				"location": [
					{
						"condition": "minecraft:location_check",
						"predicate": {
							"block": {
								"blocks": [
									"minecraft:chest",
									"minecraft:copper_chest",
									"minecraft:exposed_copper_chest",
									"minecraft:weathered_copper_chest",
									"minecraft:oxidized_copper_chest",
									"minecraft:waxed_copper_chest",
									"minecraft:waxed_exposed_copper_chest",
									"minecraft:waxed_weathered_copper_chest",
									"minecraft:waxed_oxidized_copper_chest"
								]
							}
						}
					},
					{
						"condition": "minecraft:match_tool",
						"predicate": {
							"items": [
								"minecraft:chest",
								"minecraft:copper_chest",
								"minecraft:exposed_copper_chest",
								"minecraft:weathered_copper_chest",
								"minecraft:oxidized_copper_chest",
								"minecraft:waxed_copper_chest",
								"minecraft:waxed_exposed_copper_chest",
								"minecraft:waxed_weathered_copper_chest",
								"minecraft:waxed_oxidized_copper_chest"
							]
						}
					}
				]
			}
		}
	}
}