{
  "anvil_cost": 4,
  "description": "Undying",
  "effects": {
    "minecraft:tick": [
      {
        "effect": {
          "type": "minecraft:run_function",
          "function": "undying_enchantment:tick"
        }
      }
    ]
  },
  "max_cost": {
    "base": 75,
    "per_level_above_first": 25
  },
  "max_level": 1,
  "min_cost": {
    "base": 25,
    "per_level_above_first": 25
  },
  "slots": [
    "hand"
  ],
  "supported_items": "minecraft:shield",
  "weight": 2
}