{
  "criteria": {
    "requirement": {
      "trigger": "minecraft:player_interacted_with_entity",
      "conditions": {
        "entity": [
          {
            "condition": "minecraft:entity_properties",
            "entity": "this",
            "predicate": {
              "type": "minecraft:interaction",
              "nbt": "{Tags:[\"pk.racks.block.rack.interaction\"]}"
            }
          }
        ]
      }
    }
  },
  "rewards": {
    "function": "pk_racks:events/player/interacted_with_entity/rack_interaction/_run"
  }
}
