{
  "description": "Agility",
  "supported_items": "#minecraft:enchantable/leg_armor",
  "primary_items": "#minecraft:enchantable/leg_armor",
  "weight": 2,
  "max_level": 2,
  "max_cost": {
    "base": 50,
    "per_level_above_first": 0
  },
  "min_cost": {
    "base": 20,
    "per_level_above_first": 0
  },
  "anvil_cost": 0,
  "slots": [
    "legs"
  ],
  "effects": {
    "minecraft:attributes": [
        {
          "attribute": "minecraft:step_height",
          "id": "hopo_items.enchantment.agility.step_height",
          "amount": {
            "type": "minecraft:linear",
            "base": 0.5,
            "per_level_above_first": 0.5
          },
          "operation": "add_value"
        }
      ]
  }
}