{
	"display": {
		"icon": {
			"id": "minecraft:leather_leggings",
			"components": {
				"minecraft:dyed_color": 3847130
			}
		},
		"title": {"translate":"Dive Bomb"},
		"description": {"color":"#75E1FF","translate":"Dive into water from a cliff at least 50 blocks tall"},
		"announce_to_chat": true,
		"frame": "goal"
	},
	"parent": "blazeandcave:biomes/boaty_mcboatface",
	"rewards": {
		"function": "bacap_rewards:biomes/dive_bomb"
	},		
	"criteria": {
		"dive_bomb": {
			"trigger": "minecraft:enter_block",
			"conditions": {
				"block": "minecraft:water",
				"player": {
					"type_specific": {
						"type": "minecraft:player",
						"advancements": {
							"blazeandcave:technical/dive_bomb_check": true
						}
					}
				}
			}
		}
	}
}