{
  "condition": "minecraft:any_of",
  "terms": [
    {
      "condition": "minecraft:entity_properties",
      "entity": "this",
      "predicate": {
        "slots": {
          "hotbar.1": {
            "items": "minecraft:painting",
            "components": {
              "minecraft:painting/variant": "tooltrims:a_toolsmithing_table"
            }
          }
        }
      }
    },
    {
      "condition": "minecraft:entity_properties",
      "entity": "this",
      "predicate": {
        "slots": {
          "hotbar.1": {
            "items": "minecraft:painting",
            "components": {
              "minecraft:painting/variant": "tooltrims:b_linear_tool_trim_smithing_template"
            }
          }
        }
      }
    },
    {
      "condition": "minecraft:entity_properties",
      "entity": "this",
      "predicate": {
        "slots": {
          "hotbar.1": {
            "items": "minecraft:painting",
            "components": {
              "minecraft:painting/variant": "tooltrims:c_tracks_tool_trim_smithing_template"
            }
          }
        }
      }
    },
    {
      "condition": "minecraft:entity_properties",
      "entity": "this",
      "predicate": {
        "slots": {
          "hotbar.1": {
            "items": "minecraft:painting",
            "components": {
              "minecraft:painting/variant": "tooltrims:d_frost_tool_trim_smithing_template"
            }
          }
        }
      }
    },
    
    
    {
      "condition": "minecraft:entity_properties",
      "entity": "this",
      "predicate": {
        "slots": {
          "hotbar.1": {
            "items": "minecraft:painting",
            "components": {
              "minecraft:painting/variant": "tooltrims:e_charge_tool_trim_smithing_template"
            }
          }
        }
      }
    }
  ]
}